id,userme,email,password,registration_date
1,ana750,ana750@gmail.com,551831,2023-11-05
2,sofia996,sofia996@hotmail.com,640090,2021-08-04
3,andres334,andres334@outlook.com,455826,2023-05-28
4,luis615,luis615@hotmail.com,498629,2022-09-18
5,valentina141,valentina141@gmail.com,298540,2022-11-30
6,juan869,juan869@hotmail.com,651160,2022-07-15
7,andres143,andres143@outlook.com,011947,2023-08-17
8,luis992,luis992@gmail.com,978084,2020-07-26
9,luis238,luis238@hotmail.com,025570,2024-02-06
10,ana464,ana464@gmail.com,883932,2021-05-27
11,sofia344,sofia344@hotmail.com,765607,2020-06-13
12,juan678,juan678@gmail.com,995166,2021-03-28
13,maria128,maria128@outlook.com,087455,2020-04-29
14,sofia248,sofia248@gmail.com,467763,2020-07-17
15,juan930,juan930@hotmail.com,871809,2020-02-19
16,luis855,luis855@hotmail.com,253495,2022-06-12
17,juan463,juan463@hotmail.com,742461,2022-03-05
18,ana143,ana143@hotmail.com,879586,2022-08-07
19,carlos999,carlos999@hotmail.com,349745,2021-04-21
20,luis688,luis688@hotmail.com,190548,2020-03-11
21,maria12,maria12@gmail.com,175575,2023-01-09
22,ana916,ana916@gmail.com,932085,2021-10-13
23,juan482,juan482@gmail.com,970826,2023-02-04
24,maria530,maria530@hotmail.com,921870,2021-01-31
25,ana449,ana449@gmail.com,235560,2020-06-03
26,juan581,juan581@gmail.com,441303,2023-09-21
27,carlos870,carlos870@gmail.com,669576,2021-06-05
28,luis588,luis588@hotmail.com,007957,2022-06-26
29,carlos940,carlos940@outlook.com,311160,2023-03-20
30,carlos6,carlos6@gmail.com,368192,2021-04-10
31,carlos543,carlos543@outlook.com,628184,2023-07-08
32,sofia487,sofia487@gmail.com,123729,2020-10-09
33,sofia123,sofia123@gmail.com,163827,2020-04-01
34,valentina133,valentina133@hotmail.com,605622,2021-11-30
35,juan47,juan47@outlook.com,621251,2021-09-21
36,sofia829,sofia829@gmail.com,512466,2023-05-07
37,sofia479,sofia479@gmail.com,299966,2020-10-19
38,carlos684,carlos684@hotmail.com,426938,2021-04-04
39,sofia907,sofia907@gmail.com,645211,2020-12-09
40,luis155,luis155@outlook.com,328049,2022-08-02
41,andres842,andres842@outlook.com,366096,2024-01-18
42,sofia110,sofia110@gmail.com,113481,2021-11-30
43,ana95,ana95@hotmail.com,762731,2021-01-18
44,andres640,andres640@gmail.com,720477,2020-12-10
45,sofia338,sofia338@outlook.com,917559,2020-07-01
46,andres123,andres123@hotmail.com,992817,2022-09-17
47,ana870,ana870@outlook.com,985118,2023-12-23
48,andres249,andres249@gmail.com,269518,2020-11-25
49,andres685,andres685@gmail.com,890161,2020-09-26
50,sofia567,sofia567@gmail.com,887603,2020-12-15
51,sofia121,sofia121@hotmail.com,911300,2022-11-22
52,maria301,maria301@gmail.com,737287,2020-04-30
53,luis860,luis860@gmail.com,840736,2020-02-06
54,valentina37,valentina37@hotmail.com,416048,2023-11-25
55,ana834,ana834@outlook.com,886887,2022-05-19
56,luis438,luis438@outlook.com,655697,2022-11-23
57,maria972,maria972@gmail.com,103713,2023-10-27
58,maria497,maria497@outlook.com,442698,2022-07-22
59,valentina395,valentina395@gmail.com,999089,2020-01-13
60,carlos120,carlos120@hotmail.com,130957,2020-08-20
61,maria294,maria294@gmail.com,961979,2023-12-12
62,sofia568,sofia568@gmail.com,152775,2021-02-02
63,valentina213,valentina213@hotmail.com,153359,2023-03-25
64,carlos83,carlos83@gmail.com,074059,2021-01-26
65,maria594,maria594@outlook.com,327971,2021-07-20
66,luis378,luis378@gmail.com,248153,2022-08-20
67,ana636,ana636@gmail.com,184670,2022-12-07
68,maria514,maria514@hotmail.com,979412,2021-05-28
69,sofia679,sofia679@hotmail.com,742189,2022-09-04
70,ana642,ana642@gmail.com,828530,2023-12-24
71,juan568,juan568@hotmail.com,391993,2023-10-19
72,juan803,juan803@outlook.com,128103,2020-12-29
73,valentina436,valentina436@gmail.com,100147,2023-09-25
74,carlos693,carlos693@outlook.com,430819,2021-01-15
75,ana70,ana70@gmail.com,861276,2020-08-23
76,luis104,luis104@hotmail.com,976334,2022-08-30
77,sofia687,sofia687@hotmail.com,135635,2021-01-07
78,juan258,juan258@hotmail.com,705761,2022-08-07
79,luis713,luis713@hotmail.com,217416,2021-05-31
80,carlos53,carlos53@gmail.com,809401,2020-02-05
81,juan994,juan994@hotmail.com,618386,2023-08-31
82,valentina137,valentina137@gmail.com,380326,2022-01-24
83,juan556,juan556@outlook.com,448892,2022-10-02
84,luis155,luis155@hotmail.com,509339,2021-01-21
85,sofia248,sofia248@outlook.com,593558,2020-01-07
86,luis232,luis232@outlook.com,531401,2021-08-06
87,juan422,juan422@gmail.com,915556,2020-09-04
88,maria466,maria466@outlook.com,438312,2021-11-16
89,carlos25,carlos25@gmail.com,758970,2021-11-03
90,juan516,juan516@hotmail.com,163823,2023-10-21
91,sofia159,sofia159@gmail.com,236286,2023-08-13
92,carlos704,carlos704@hotmail.com,593103,2022-12-15
93,carlos685,carlos685@hotmail.com,871902,2023-09-12
94,luis371,luis371@hotmail.com,959398,2020-05-22
95,ana98,ana98@outlook.com,937265,2020-09-20
96,ana621,ana621@outlook.com,031543,2020-02-09
97,sofia915,sofia915@hotmail.com,261523,2022-12-20
98,sofia180,sofia180@gmail.com,762726,2022-04-17
99,juan224,juan224@hotmail.com,383776,2020-02-07
100,maria486,maria486@hotmail.com,009433,2022-05-14
101,carlos217,carlos217@gmail.com,828994,2022-08-20
102,sofia17,sofia17@gmail.com,496123,2020-07-02
103,maria191,maria191@hotmail.com,283844,2021-06-09
104,juan846,juan846@gmail.com,375110,2020-05-25
105,andres957,andres957@hotmail.com,514008,2022-02-04
106,carlos113,carlos113@gmail.com,496449,2021-04-20
107,sofia51,sofia51@outlook.com,756816,2022-12-29
108,sofia858,sofia858@outlook.com,279722,2022-08-22
109,juan759,juan759@hotmail.com,071233,2020-05-12
110,carlos619,carlos619@outlook.com,147371,2023-04-19
111,ana9,ana9@gmail.com,186823,2020-03-13
112,ana907,ana907@hotmail.com,435183,2022-03-16
113,juan903,juan903@outlook.com,618374,2023-07-23
114,maria690,maria690@gmail.com,871612,2020-02-28
115,sofia842,sofia842@gmail.com,598615,2022-12-15
116,valentina214,valentina214@outlook.com,836920,2022-06-19
117,sofia29,sofia29@gmail.com,365171,2023-09-17
118,valentina389,valentina389@outlook.com,565689,2022-08-29
119,luis360,luis360@gmail.com,545501,2023-11-01
120,maria801,maria801@hotmail.com,597226,2022-07-29
121,luis982,luis982@outlook.com,236612,2022-09-12
122,carlos589,carlos589@hotmail.com,694318,2021-05-17
123,juan254,juan254@gmail.com,412511,2020-10-23
124,carlos449,carlos449@outlook.com,746837,2021-07-08
125,andres729,andres729@outlook.com,054845,2020-11-14
126,luis941,luis941@gmail.com,351625,2021-02-15
127,valentina350,valentina350@gmail.com,165280,2022-06-28
128,carlos196,carlos196@gmail.com,693326,2023-11-06
129,luis529,luis529@gmail.com,228476,2021-09-09
130,valentina126,valentina126@hotmail.com,054815,2023-07-29
131,juan387,juan387@outlook.com,206202,2021-06-23
132,carlos551,carlos551@outlook.com,281932,2023-01-15
133,carlos162,carlos162@gmail.com,534996,2021-05-27
134,sofia934,sofia934@gmail.com,940113,2022-12-07
135,sofia454,sofia454@gmail.com,065977,2020-12-05
136,andres372,andres372@outlook.com,005223,2022-03-24
137,sofia850,sofia850@outlook.com,769528,2022-06-11
138,sofia766,sofia766@outlook.com,864812,2021-05-15
139,luis108,luis108@hotmail.com,481891,2023-06-05
140,luis638,luis638@outlook.com,490784,2023-12-20
141,luis354,luis354@outlook.com,059571,2023-04-17
142,carlos442,carlos442@hotmail.com,021535,2023-03-27
143,valentina173,valentina173@gmail.com,704446,2023-01-26
144,ana429,ana429@hotmail.com,442687,2021-08-30
145,carlos326,carlos326@hotmail.com,292536,2020-08-06
146,sofia245,sofia245@gmail.com,323388,2022-02-21
147,carlos747,carlos747@outlook.com,069644,2020-01-24
148,sofia403,sofia403@outlook.com,611991,2021-04-09
149,maria802,maria802@outlook.com,505371,2023-12-30
150,carlos767,carlos767@hotmail.com,466689,2021-05-21
151,andres780,andres780@outlook.com,945801,2022-05-25
152,carlos857,carlos857@gmail.com,602542,2023-05-25
153,valentina118,valentina118@hotmail.com,763400,2023-08-26
154,maria802,maria802@hotmail.com,325850,2023-01-31
155,maria157,maria157@gmail.com,083112,2021-05-11
156,ana298,ana298@hotmail.com,481371,2020-04-30
157,luis148,luis148@gmail.com,356314,2020-05-01
158,ana421,ana421@hotmail.com,556683,2022-07-11
159,juan296,juan296@gmail.com,929897,2020-12-20
160,maria423,maria423@gmail.com,979045,2022-06-04
161,andres371,andres371@outlook.com,054161,2020-09-23
162,ana672,ana672@gmail.com,603129,2020-02-24
163,carlos462,carlos462@outlook.com,027051,2020-12-02
164,sofia575,sofia575@outlook.com,933623,2023-06-27
165,carlos521,carlos521@outlook.com,117842,2021-02-21
166,valentina892,valentina892@hotmail.com,391346,2022-07-17
167,luis58,luis58@outlook.com,126443,2022-06-03
168,ana532,ana532@gmail.com,124879,2023-08-23
169,carlos254,carlos254@outlook.com,222429,2021-05-27
170,juan111,juan111@outlook.com,931580,2021-05-09
171,andres586,andres586@gmail.com,130365,2020-09-04
172,maria881,maria881@hotmail.com,741891,2021-09-27
173,carlos158,carlos158@hotmail.com,206594,2020-01-28
174,juan708,juan708@gmail.com,954975,2022-03-26
175,luis696,luis696@gmail.com,826792,2021-08-24
176,maria235,maria235@outlook.com,555920,2020-07-09
177,valentina878,valentina878@hotmail.com,431808,2023-09-15
178,maria641,maria641@gmail.com,964376,2021-04-26
179,andres142,andres142@gmail.com,112881,2020-08-31
180,maria126,maria126@gmail.com,406077,2020-10-03
181,valentina793,valentina793@outlook.com,373712,2022-12-13
182,andres899,andres899@outlook.com,625558,2022-08-14
183,ana705,ana705@outlook.com,631476,2023-06-05
184,carlos885,carlos885@gmail.com,067520,2020-08-08
185,sofia420,sofia420@outlook.com,071090,2022-05-06
186,luis637,luis637@hotmail.com,102176,2022-07-04
187,carlos412,carlos412@outlook.com,675339,2020-11-24
188,maria263,maria263@outlook.com,582429,2024-01-24
189,juan121,juan121@outlook.com,744540,2024-01-25
190,valentina357,valentina357@outlook.com,728271,2022-06-25
191,ana282,ana282@outlook.com,015704,2021-03-15
192,luis292,luis292@hotmail.com,694487,2021-12-19
193,carlos315,carlos315@hotmail.com,560887,2023-10-17
194,andres577,andres577@gmail.com,848894,2021-02-10
195,sofia522,sofia522@gmail.com,657820,2020-05-02
196,valentina865,valentina865@hotmail.com,257030,2020-02-23
197,ana784,ana784@gmail.com,874881,2023-02-12
198,maria108,maria108@outlook.com,300081,2023-11-27
199,sofia697,sofia697@gmail.com,238537,2022-05-27
200,maria125,maria125@outlook.com,200359,2020-12-31
201,carlos45,carlos45@gmail.com,757668,2023-07-21
202,luis793,luis793@hotmail.com,171693,2022-02-23
203,ana182,ana182@gmail.com,657176,2021-11-16
204,maria69,maria69@hotmail.com,010945,2024-01-24
205,maria929,maria929@outlook.com,213098,2022-08-28
206,juan685,juan685@gmail.com,631424,2020-09-23
207,carlos639,carlos639@outlook.com,423296,2022-09-06
208,juan651,juan651@outlook.com,037375,2021-05-25
209,ana31,ana31@hotmail.com,809592,2022-07-26
210,carlos936,carlos936@hotmail.com,713858,2021-04-13
211,carlos799,carlos799@hotmail.com,858943,2022-05-19
212,sofia823,sofia823@gmail.com,999170,2020-12-12
213,carlos636,carlos636@hotmail.com,505458,2023-11-06
214,ana119,ana119@hotmail.com,391730,2022-04-17
215,valentina950,valentina950@hotmail.com,666942,2022-05-11
216,sofia345,sofia345@hotmail.com,577643,2021-02-25
217,juan64,juan64@outlook.com,966487,2023-07-16
218,valentina644,valentina644@outlook.com,828524,2023-04-15
219,andres116,andres116@hotmail.com,364040,2024-01-17
220,luis232,luis232@gmail.com,708573,2023-07-31
221,sofia533,sofia533@gmail.com,462319,2020-12-04
222,sofia302,sofia302@outlook.com,537946,2023-10-02
223,carlos893,carlos893@gmail.com,498318,2021-04-05
224,maria898,maria898@hotmail.com,364794,2021-06-24
225,sofia845,sofia845@outlook.com,150494,2023-03-18
226,valentina867,valentina867@outlook.com,979352,2021-05-28
227,carlos987,carlos987@outlook.com,865220,2023-01-19
228,juan844,juan844@hotmail.com,511332,2023-11-11
229,ana903,ana903@outlook.com,428864,2020-10-04
230,juan461,juan461@outlook.com,705355,2023-04-28
231,ana71,ana71@hotmail.com,661863,2023-04-18
232,maria813,maria813@gmail.com,176376,2021-07-07
233,andres259,andres259@gmail.com,784669,2023-01-31
234,juan590,juan590@gmail.com,334105,2020-07-27
235,carlos265,carlos265@hotmail.com,528412,2020-06-14
236,sofia332,sofia332@outlook.com,173648,2022-01-30
237,ana462,ana462@outlook.com,523489,2021-04-03
238,andres218,andres218@hotmail.com,456953,2020-03-13
239,maria939,maria939@gmail.com,967801,2022-11-17
240,juan685,juan685@hotmail.com,834510,2021-07-08
241,ana796,ana796@gmail.com,186002,2020-03-18
242,carlos907,carlos907@gmail.com,845812,2020-01-15
243,luis30,luis30@gmail.com,168533,2021-05-13
244,andres379,andres379@outlook.com,612941,2023-11-23
245,carlos128,carlos128@gmail.com,170946,2021-05-08
246,valentina137,valentina137@outlook.com,583472,2023-08-05
247,maria733,maria733@hotmail.com,009047,2020-08-18
248,carlos432,carlos432@hotmail.com,684169,2020-05-31
249,valentina698,valentina698@outlook.com,819255,2023-03-28
250,carlos171,carlos171@hotmail.com,136211,2021-11-30
251,valentina958,valentina958@outlook.com,257949,2022-01-07
252,carlos685,carlos685@outlook.com,559222,2022-08-28
253,valentina17,valentina17@gmail.com,063126,2021-07-21
254,valentina9,valentina9@gmail.com,969562,2021-03-25
255,valentina507,valentina507@gmail.com,168431,2020-03-11
256,luis936,luis936@hotmail.com,741565,2023-08-25
257,ana696,ana696@gmail.com,208798,2022-07-14
258,andres277,andres277@hotmail.com,967459,2022-06-23
259,luis313,luis313@hotmail.com,690180,2021-03-10
260,carlos466,carlos466@gmail.com,691092,2021-11-09
261,ana193,ana193@hotmail.com,152781,2022-04-27
262,maria715,maria715@hotmail.com,185823,2022-02-03
263,ana675,ana675@outlook.com,254525,2023-06-16
264,andres528,andres528@gmail.com,360229,2023-03-07
265,andres794,andres794@outlook.com,317784,2023-12-20
266,andres333,andres333@outlook.com,902587,2022-07-13
267,andres303,andres303@hotmail.com,233257,2023-09-19
268,andres134,andres134@gmail.com,418522,2021-03-20
269,luis963,luis963@outlook.com,575492,2020-01-31
270,carlos466,carlos466@hotmail.com,966444,2023-03-19
271,juan978,juan978@gmail.com,708642,2021-04-05
272,luis444,luis444@gmail.com,736129,2021-11-09
273,juan56,juan56@hotmail.com,029897,2022-06-15
274,sofia449,sofia449@gmail.com,529063,2023-02-22
275,luis491,luis491@hotmail.com,928235,2021-11-13
276,juan612,juan612@gmail.com,091803,2022-03-30
277,sofia351,sofia351@hotmail.com,512242,2020-12-03
278,valentina680,valentina680@outlook.com,663361,2020-08-06
279,juan161,juan161@hotmail.com,945356,2020-04-11
280,sofia178,sofia178@outlook.com,225905,2020-02-14
281,sofia180,sofia180@hotmail.com,982126,2023-01-29
282,valentina586,valentina586@hotmail.com,055229,2020-04-15
283,valentina53,valentina53@gmail.com,298410,2023-06-02
284,juan778,juan778@outlook.com,567987,2022-10-22
285,ana125,ana125@gmail.com,375693,2022-09-30
286,andres865,andres865@outlook.com,565497,2023-01-01
287,luis321,luis321@hotmail.com,919974,2023-04-19
288,sofia233,sofia233@gmail.com,622365,2023-04-22
289,valentina21,valentina21@outlook.com,634140,2021-04-20
290,maria668,maria668@outlook.com,025729,2023-02-13
291,juan607,juan607@hotmail.com,704111,2023-11-02
292,carlos17,carlos17@hotmail.com,041440,2021-08-20
293,maria666,maria666@hotmail.com,562878,2022-03-02
294,luis232,luis232@hotmail.com,381684,2020-12-17
295,andres287,andres287@gmail.com,356429,2022-12-22
296,sofia135,sofia135@gmail.com,136125,2021-11-20
297,maria372,maria372@hotmail.com,525418,2021-06-08
298,juan715,juan715@hotmail.com,185383,2021-11-14
299,sofia918,sofia918@hotmail.com,670849,2022-08-11
300,valentina480,valentina480@outlook.com,897714,2023-07-21
301,luis999,luis999@outlook.com,044182,2021-11-17
302,ana373,ana373@hotmail.com,895361,2020-10-24
303,ana601,ana601@outlook.com,376874,2020-08-26
304,juan309,juan309@outlook.com,153960,2023-05-15
305,valentina676,valentina676@outlook.com,438227,2022-04-04
306,andres389,andres389@hotmail.com,485315,2023-06-29
307,juan384,juan384@hotmail.com,764325,2021-03-11
308,juan412,juan412@hotmail.com,244903,2021-12-18
309,sofia923,sofia923@outlook.com,664779,2020-03-29
310,valentina787,valentina787@gmail.com,828121,2022-10-25
311,ana904,ana904@outlook.com,548617,2023-09-11
312,luis105,luis105@outlook.com,577920,2022-02-13
313,luis362,luis362@outlook.com,698873,2022-02-16
314,carlos818,carlos818@gmail.com,475416,2023-10-12
315,carlos471,carlos471@outlook.com,063636,2021-12-23
316,valentina361,valentina361@gmail.com,604066,2023-02-28
317,valentina357,valentina357@hotmail.com,568138,2021-03-24
318,maria970,maria970@gmail.com,902696,2020-11-29
319,ana293,ana293@hotmail.com,087350,2023-06-01
320,valentina878,valentina878@outlook.com,202372,2022-11-15
321,ana330,ana330@hotmail.com,039893,2022-01-03
322,maria723,maria723@outlook.com,263758,2021-05-14
323,andres593,andres593@hotmail.com,499160,2020-09-06
324,sofia839,sofia839@outlook.com,157107,2022-10-11
325,maria292,maria292@gmail.com,250740,2021-06-03
326,sofia175,sofia175@hotmail.com,858573,2020-10-07
327,ana10,ana10@outlook.com,302757,2020-07-21
328,ana208,ana208@outlook.com,956832,2023-09-11
329,carlos147,carlos147@gmail.com,190194,2021-03-28
330,valentina487,valentina487@gmail.com,990005,2020-10-28
331,maria384,maria384@hotmail.com,503010,2021-08-31
332,juan558,juan558@gmail.com,363273,2023-12-30
333,andres42,andres42@gmail.com,533529,2020-08-10
334,luis695,luis695@outlook.com,243716,2021-04-03
335,luis484,luis484@outlook.com,431258,2022-02-05
336,maria694,maria694@hotmail.com,848972,2022-09-23
337,carlos30,carlos30@gmail.com,610605,2020-04-12
338,andres389,andres389@gmail.com,179421,2022-06-22
339,juan857,juan857@outlook.com,034257,2022-07-21
340,juan856,juan856@hotmail.com,624442,2021-01-15
341,luis986,luis986@outlook.com,788936,2022-08-04
342,maria301,maria301@outlook.com,323242,2020-05-16
343,valentina730,valentina730@hotmail.com,317772,2020-07-14
344,andres425,andres425@outlook.com,997573,2021-05-24
345,maria577,maria577@gmail.com,807178,2020-10-20
346,carlos72,carlos72@hotmail.com,471302,2020-08-20
347,ana59,ana59@gmail.com,946316,2023-08-31
348,juan778,juan778@gmail.com,413742,2024-01-17
349,carlos873,carlos873@gmail.com,191053,2023-02-26
350,juan569,juan569@gmail.com,639512,2022-09-22
351,juan556,juan556@gmail.com,397696,2021-03-15
352,luis623,luis623@outlook.com,351621,2023-03-24
353,carlos435,carlos435@gmail.com,377910,2023-10-27
354,luis398,luis398@hotmail.com,060312,2020-05-29
355,maria827,maria827@gmail.com,189117,2022-10-16
356,ana65,ana65@hotmail.com,613750,2020-05-02
357,sofia603,sofia603@gmail.com,181636,2021-10-10
358,juan84,juan84@hotmail.com,982890,2021-07-16
359,sofia172,sofia172@gmail.com,880968,2022-09-06
360,andres934,andres934@hotmail.com,016491,2022-04-04
361,sofia947,sofia947@hotmail.com,417423,2021-05-19
362,luis275,luis275@outlook.com,444076,2020-12-09
363,sofia920,sofia920@gmail.com,114174,2020-02-13
364,andres36,andres36@gmail.com,610690,2022-04-13
365,luis428,luis428@gmail.com,657480,2022-10-01
366,carlos911,carlos911@hotmail.com,505497,2023-01-22
367,valentina775,valentina775@outlook.com,263822,2020-01-27
368,carlos832,carlos832@gmail.com,925057,2021-07-12
369,luis292,luis292@gmail.com,197997,2020-09-12
370,sofia747,sofia747@outlook.com,727990,2023-01-10
371,ana412,ana412@gmail.com,506728,2021-12-12
372,maria178,maria178@outlook.com,142224,2023-03-24
373,luis542,luis542@hotmail.com,779037,2020-03-27
374,juan275,juan275@gmail.com,420514,2021-02-21
375,valentina959,valentina959@hotmail.com,326934,2023-06-14
376,ana166,ana166@hotmail.com,006979,2020-02-13
377,valentina913,valentina913@outlook.com,470233,2022-06-10
378,ana847,ana847@hotmail.com,099407,2020-01-24
379,ana308,ana308@hotmail.com,590154,2020-08-15
380,maria566,maria566@gmail.com,083059,2021-01-04
381,carlos799,carlos799@gmail.com,744485,2020-06-22
382,luis526,luis526@outlook.com,670536,2020-07-07
383,andres122,andres122@gmail.com,681731,2022-11-02
384,ana412,ana412@outlook.com,265801,2023-08-30
385,andres734,andres734@hotmail.com,290839,2021-08-15
386,sofia379,sofia379@gmail.com,106438,2023-10-30
387,juan782,juan782@gmail.com,947856,2021-12-09
388,maria2,maria2@gmail.com,344972,2023-03-26
389,maria970,maria970@hotmail.com,196075,2023-07-14
390,juan118,juan118@hotmail.com,433544,2023-03-10
391,carlos551,carlos551@gmail.com,001638,2021-05-18
392,valentina934,valentina934@hotmail.com,920249,2022-09-23
393,sofia820,sofia820@gmail.com,369167,2022-08-24
394,maria790,maria790@gmail.com,899624,2022-05-31
395,luis109,luis109@outlook.com,389511,2022-09-24
396,luis354,luis354@hotmail.com,928508,2023-05-05
397,valentina979,valentina979@gmail.com,624014,2021-07-31
398,andres790,andres790@gmail.com,213323,2022-06-24
399,ana430,ana430@gmail.com,014336,2021-11-18
400,valentina22,valentina22@hotmail.com,258682,2021-03-06
401,sofia383,sofia383@hotmail.com,318613,2022-12-13
402,valentina76,valentina76@gmail.com,714196,2020-09-20
403,carlos121,carlos121@gmail.com,183522,2020-05-04
404,valentina697,valentina697@hotmail.com,770902,2021-02-10
405,carlos155,carlos155@hotmail.com,095355,2023-03-24
406,sofia695,sofia695@hotmail.com,433662,2021-05-14
407,luis80,luis80@hotmail.com,556671,2020-11-05
408,luis348,luis348@gmail.com,832531,2023-10-03
409,ana392,ana392@outlook.com,438734,2020-06-16
410,andres926,andres926@gmail.com,315018,2023-02-08
411,carlos384,carlos384@gmail.com,733619,2021-01-04
412,juan47,juan47@hotmail.com,198251,2021-11-07
413,juan210,juan210@gmail.com,303277,2021-02-05
414,andres441,andres441@outlook.com,651366,2023-03-11
415,luis231,luis231@hotmail.com,842283,2020-03-01
416,ana528,ana528@hotmail.com,979188,2023-07-22
417,juan319,juan319@outlook.com,532677,2021-01-07
418,carlos893,carlos893@outlook.com,494532,2021-05-16
419,valentina41,valentina41@outlook.com,175841,2020-02-23
420,sofia329,sofia329@outlook.com,695095,2022-10-09
421,ana671,ana671@hotmail.com,540661,2020-12-16
422,carlos781,carlos781@gmail.com,482464,2020-04-25
423,maria889,maria889@hotmail.com,174498,2024-02-03
424,andres916,andres916@gmail.com,442800,2020-02-29
425,juan689,juan689@hotmail.com,565015,2023-12-07
426,carlos959,carlos959@gmail.com,660147,2022-01-11
427,andres644,andres644@outlook.com,982052,2020-02-10
428,sofia159,sofia159@outlook.com,587675,2020-07-12
429,valentina350,valentina350@outlook.com,829384,2022-11-02
430,sofia233,sofia233@hotmail.com,098933,2024-01-25
431,luis332,luis332@gmail.com,567274,2022-09-28
432,maria618,maria618@gmail.com,258023,2022-12-04
433,ana988,ana988@outlook.com,233779,2023-09-20
434,valentina684,valentina684@outlook.com,718773,2023-09-26
435,carlos352,carlos352@outlook.com,030294,2021-05-24
436,ana776,ana776@hotmail.com,775345,2021-04-15
437,andres539,andres539@outlook.com,897197,2021-04-10
438,juan38,juan38@outlook.com,199989,2022-07-30
439,carlos806,carlos806@hotmail.com,185989,2023-06-28
440,luis176,luis176@gmail.com,389636,2022-12-21
441,luis853,luis853@gmail.com,497682,2023-01-11
442,juan449,juan449@gmail.com,346003,2022-08-16
443,juan10,juan10@gmail.com,352371,2023-10-25
444,luis132,luis132@gmail.com,323051,2020-02-02
445,juan652,juan652@hotmail.com,178019,2020-03-06
446,sofia788,sofia788@gmail.com,412263,2023-05-23
447,valentina231,valentina231@hotmail.com,387369,2021-04-01
448,valentina716,valentina716@outlook.com,670950,2022-09-05
449,valentina966,valentina966@outlook.com,321476,2024-01-05
450,valentina172,valentina172@hotmail.com,142379,2020-12-11
451,carlos584,carlos584@gmail.com,248037,2021-01-05
452,valentina757,valentina757@outlook.com,609003,2021-02-26
453,sofia429,sofia429@gmail.com,056308,2023-12-11
454,carlos478,carlos478@hotmail.com,387599,2021-12-02
455,sofia790,sofia790@gmail.com,420377,2021-02-05
456,andres46,andres46@outlook.com,851063,2023-06-30
457,maria702,maria702@hotmail.com,906148,2021-09-20
458,ana287,ana287@outlook.com,728594,2023-11-21
459,valentina507,valentina507@outlook.com,755110,2021-04-01
460,ana155,ana155@outlook.com,314855,2023-01-14
461,ana132,ana132@gmail.com,620723,2020-02-20
462,luis127,luis127@gmail.com,065747,2023-02-19
463,valentina596,valentina596@outlook.com,653510,2022-09-04
464,luis283,luis283@hotmail.com,160810,2023-02-22
465,maria299,maria299@gmail.com,784976,2022-05-13
466,juan709,juan709@gmail.com,431869,2020-11-13
467,andres541,andres541@outlook.com,533985,2021-10-02
468,luis724,luis724@hotmail.com,960509,2022-05-04
469,luis713,luis713@outlook.com,482304,2024-01-24
470,luis733,luis733@hotmail.com,615457,2023-06-26
471,carlos792,carlos792@gmail.com,624596,2020-02-17
472,andres683,andres683@gmail.com,773932,2020-04-23
473,ana281,ana281@gmail.com,904117,2020-06-22
474,carlos396,carlos396@outlook.com,663191,2021-11-20
475,juan878,juan878@outlook.com,799331,2023-05-14
476,maria379,maria379@gmail.com,525083,2021-11-01
477,juan614,juan614@outlook.com,397212,2021-06-25
478,maria679,maria679@gmail.com,508627,2023-02-05
479,luis471,luis471@hotmail.com,172638,2020-05-20
480,maria493,maria493@outlook.com,570422,2023-08-16
481,andres976,andres976@gmail.com,208779,2021-07-27
482,luis786,luis786@gmail.com,322394,2020-08-13
483,valentina529,valentina529@gmail.com,742364,2021-01-11
484,valentina582,valentina582@gmail.com,423465,2020-07-11
485,juan817,juan817@outlook.com,715713,2021-05-25
486,carlos970,carlos970@gmail.com,013010,2020-11-16
487,sofia341,sofia341@outlook.com,668074,2023-06-03
488,luis438,luis438@hotmail.com,584427,2020-03-27
489,carlos835,carlos835@hotmail.com,407352,2021-10-29
490,sofia357,sofia357@outlook.com,169561,2023-01-24
491,maria460,maria460@hotmail.com,803894,2023-01-18
492,juan987,juan987@hotmail.com,387163,2024-01-26
493,sofia719,sofia719@gmail.com,574542,2023-10-31
494,valentina816,valentina816@gmail.com,066981,2022-07-12
495,valentina677,valentina677@outlook.com,029595,2021-10-16
496,ana772,ana772@outlook.com,029193,2022-04-10
497,juan143,juan143@outlook.com,895230,2023-08-16
498,valentina11,valentina11@gmail.com,555347,2022-01-27
499,ana913,ana913@hotmail.com,146478,2022-03-22
500,ana168,ana168@outlook.com,293972,2022-10-29
501,sofia505,sofia505@outlook.com,848642,2023-04-18
502,luis665,luis665@outlook.com,797978,2022-09-17
503,valentina192,valentina192@hotmail.com,923422,2022-05-28
504,juan88,juan88@hotmail.com,670156,2021-03-17
505,andres96,andres96@outlook.com,554380,2022-01-19
506,valentina205,valentina205@outlook.com,007800,2023-08-30
507,luis901,luis901@gmail.com,651651,2023-10-19
508,valentina408,valentina408@hotmail.com,555636,2020-07-18
509,luis689,luis689@gmail.com,191310,2020-05-11
510,ana660,ana660@hotmail.com,101094,2023-03-27
511,valentina356,valentina356@hotmail.com,861220,2022-06-03
512,luis831,luis831@gmail.com,667017,2020-10-07
513,sofia957,sofia957@outlook.com,353232,2022-03-25
514,maria198,maria198@hotmail.com,487508,2020-12-19
515,valentina313,valentina313@gmail.com,462527,2022-10-16
516,maria753,maria753@gmail.com,362093,2022-12-03
517,sofia503,sofia503@outlook.com,697339,2021-01-19
518,juan330,juan330@gmail.com,130058,2020-01-20
519,valentina662,valentina662@outlook.com,587827,2023-08-24
520,sofia674,sofia674@hotmail.com,796818,2023-04-19
521,andres628,andres628@hotmail.com,185354,2020-03-14
522,carlos732,carlos732@outlook.com,043590,2024-01-06
523,ana318,ana318@outlook.com,379703,2023-06-01
524,maria660,maria660@hotmail.com,694768,2022-04-19
525,valentina16,valentina16@outlook.com,422867,2022-02-12
526,maria111,maria111@hotmail.com,975193,2023-10-07
527,carlos761,carlos761@outlook.com,730813,2020-07-31
528,valentina68,valentina68@outlook.com,343461,2020-11-12
529,maria921,maria921@hotmail.com,576358,2023-11-22
530,valentina626,valentina626@outlook.com,188942,2023-03-27
531,ana932,ana932@gmail.com,089810,2020-05-19
532,luis622,luis622@outlook.com,555626,2023-01-06
533,andres711,andres711@gmail.com,659773,2021-08-25
534,carlos705,carlos705@gmail.com,005549,2022-05-24
535,luis585,luis585@gmail.com,380297,2021-02-12
536,sofia418,sofia418@hotmail.com,529121,2022-01-05
537,carlos453,carlos453@gmail.com,176117,2023-02-03
538,carlos347,carlos347@outlook.com,548617,2023-02-16
539,sofia772,sofia772@outlook.com,173475,2023-06-02
540,valentina749,valentina749@outlook.com,865338,2024-02-01
541,ana841,ana841@hotmail.com,594692,2023-01-27
542,ana994,ana994@gmail.com,564965,2021-02-01
543,andres250,andres250@outlook.com,640416,2023-08-28
544,ana128,ana128@hotmail.com,812635,2021-03-15
545,ana388,ana388@gmail.com,964064,2021-03-18
546,valentina491,valentina491@gmail.com,791287,2021-11-28
547,sofia856,sofia856@outlook.com,482861,2020-04-07
548,juan400,juan400@outlook.com,501690,2020-09-02
549,luis665,luis665@hotmail.com,412255,2020-03-02
550,luis963,luis963@gmail.com,958932,2023-12-23
551,carlos397,carlos397@hotmail.com,212364,2022-09-26
552,valentina649,valentina649@gmail.com,079014,2023-08-20
553,juan885,juan885@gmail.com,366521,2023-04-23
554,valentina532,valentina532@gmail.com,882229,2022-04-03
555,ana144,ana144@hotmail.com,972022,2022-05-16
556,luis199,luis199@outlook.com,595755,2023-06-30
557,andres347,andres347@gmail.com,713269,2021-06-03
558,carlos468,carlos468@outlook.com,403011,2023-05-04
559,andres782,andres782@hotmail.com,993402,2022-03-17
560,luis250,luis250@outlook.com,601365,2022-07-04
561,ana605,ana605@hotmail.com,974030,2021-11-18
562,ana32,ana32@gmail.com,184609,2021-09-07
563,sofia208,sofia208@hotmail.com,651003,2020-01-22
564,carlos46,carlos46@outlook.com,655173,2020-08-29
565,sofia542,sofia542@hotmail.com,454555,2022-01-23
566,carlos394,carlos394@outlook.com,348347,2021-02-18
567,luis186,luis186@hotmail.com,280593,2022-06-30
568,juan376,juan376@gmail.com,753454,2023-10-23
569,luis553,luis553@gmail.com,226838,2022-02-04
570,juan170,juan170@gmail.com,629705,2023-01-24
571,juan484,juan484@hotmail.com,920379,2022-12-25
572,maria42,maria42@hotmail.com,128777,2020-06-11
573,ana898,ana898@hotmail.com,592055,2023-09-15
574,ana104,ana104@hotmail.com,259796,2021-08-26
575,juan288,juan288@gmail.com,245076,2021-02-26
576,carlos340,carlos340@gmail.com,934108,2023-12-15
577,valentina603,valentina603@gmail.com,633863,2020-03-19
578,maria243,maria243@hotmail.com,674306,2020-01-18
579,maria175,maria175@gmail.com,574079,2021-12-01
580,ana256,ana256@hotmail.com,961179,2023-10-04
581,juan961,juan961@hotmail.com,074774,2021-11-14
582,luis975,luis975@hotmail.com,415679,2023-09-01
583,andres881,andres881@gmail.com,459354,2021-06-14
584,valentina913,valentina913@hotmail.com,020570,2020-09-01
585,luis318,luis318@hotmail.com,052877,2020-06-16
586,juan871,juan871@outlook.com,496737,2024-01-11
587,ana53,ana53@gmail.com,931798,2021-05-16
588,juan263,juan263@hotmail.com,589696,2023-10-14
589,valentina798,valentina798@hotmail.com,591806,2022-11-30
590,ana798,ana798@gmail.com,833160,2023-06-27
591,juan829,juan829@outlook.com,961284,2022-07-29
592,andres923,andres923@outlook.com,974247,2022-05-07
593,valentina68,valentina68@gmail.com,627542,2023-09-05
594,sofia585,sofia585@hotmail.com,783105,2021-01-18
595,sofia611,sofia611@outlook.com,533866,2021-05-28
596,luis294,luis294@outlook.com,649817,2023-01-10
597,valentina871,valentina871@gmail.com,982582,2023-02-26
598,luis35,luis35@outlook.com,286679,2022-06-10
599,ana706,ana706@hotmail.com,593023,2023-08-17
600,carlos223,carlos223@gmail.com,481285,2022-08-23
601,maria305,maria305@hotmail.com,979867,2022-11-19
602,juan772,juan772@outlook.com,275545,2020-04-07
603,sofia743,sofia743@gmail.com,026123,2022-03-10
604,carlos698,carlos698@hotmail.com,840634,2022-07-06
605,carlos17,carlos17@outlook.com,766855,2023-11-13
606,sofia297,sofia297@gmail.com,264375,2021-06-15
607,valentina625,valentina625@hotmail.com,451073,2023-07-05
608,luis872,luis872@outlook.com,098789,2021-10-07
609,valentina872,valentina872@outlook.com,043288,2022-03-06
610,luis164,luis164@outlook.com,700698,2022-03-04
611,ana452,ana452@hotmail.com,912143,2022-01-25
612,carlos189,carlos189@outlook.com,193056,2020-12-10
613,maria166,maria166@hotmail.com,874439,2022-07-15
614,carlos82,carlos82@hotmail.com,054257,2020-06-13
615,valentina921,valentina921@outlook.com,448222,2022-05-26
616,valentina217,valentina217@hotmail.com,366215,2023-10-06
617,ana578,ana578@outlook.com,078129,2022-09-02
618,maria464,maria464@gmail.com,764999,2023-02-26
619,juan393,juan393@hotmail.com,389584,2022-09-17
620,valentina678,valentina678@outlook.com,373774,2022-11-25
621,luis700,luis700@outlook.com,941853,2021-04-30
622,maria372,maria372@outlook.com,569923,2020-10-28
623,andres706,andres706@hotmail.com,538800,2020-11-06
624,luis851,luis851@outlook.com,227604,2022-08-13
625,valentina328,valentina328@outlook.com,046386,2021-08-23
626,carlos497,carlos497@hotmail.com,278512,2021-07-03
627,carlos440,carlos440@outlook.com,326866,2020-07-07
628,valentina796,valentina796@hotmail.com,985308,2023-04-19
629,valentina70,valentina70@hotmail.com,535596,2020-08-19
630,luis67,luis67@outlook.com,924088,2024-01-15
631,sofia584,sofia584@outlook.com,528978,2021-12-19
632,sofia543,sofia543@outlook.com,754320,2023-11-27
633,maria7,maria7@hotmail.com,455787,2021-08-19
634,valentina629,valentina629@hotmail.com,054712,2023-06-30
635,luis624,luis624@outlook.com,023729,2023-11-10
636,ana153,ana153@hotmail.com,180044,2020-03-30
637,valentina965,valentina965@hotmail.com,277949,2023-05-14
638,luis943,luis943@gmail.com,154937,2023-03-01
639,valentina563,valentina563@gmail.com,334734,2020-04-21
640,valentina665,valentina665@hotmail.com,887719,2022-03-25
641,carlos36,carlos36@outlook.com,770207,2021-04-09
642,maria347,maria347@hotmail.com,154169,2020-08-19
643,juan73,juan73@outlook.com,324186,2020-09-21
644,valentina281,valentina281@gmail.com,119947,2024-01-09
645,carlos60,carlos60@hotmail.com,007052,2022-01-02
646,ana317,ana317@hotmail.com,073810,2024-01-07
647,ana490,ana490@outlook.com,772437,2021-09-14
648,sofia220,sofia220@gmail.com,384519,2023-01-10
649,ana330,ana330@gmail.com,031865,2020-04-19
650,juan791,juan791@hotmail.com,271722,2024-01-05
651,carlos935,carlos935@outlook.com,635643,2022-06-06
652,luis476,luis476@hotmail.com,323782,2022-03-29
653,carlos800,carlos800@hotmail.com,073353,2023-05-21
654,ana210,ana210@gmail.com,465305,2023-08-17
655,juan245,juan245@outlook.com,047672,2022-03-23
656,carlos642,carlos642@hotmail.com,836533,2021-08-10
657,luis137,luis137@gmail.com,934674,2021-06-05
658,luis883,luis883@outlook.com,755989,2020-05-30
659,juan722,juan722@gmail.com,365595,2020-01-31
660,juan48,juan48@gmail.com,339413,2023-07-30
661,luis193,luis193@hotmail.com,515991,2022-09-05
662,valentina553,valentina553@gmail.com,617762,2023-09-29
663,valentina958,valentina958@gmail.com,252741,2022-04-08
664,andres61,andres61@outlook.com,024755,2022-04-11
665,andres750,andres750@hotmail.com,405777,2020-04-26
666,maria208,maria208@outlook.com,915678,2023-11-20
667,valentina451,valentina451@hotmail.com,835592,2023-01-12
668,ana710,ana710@gmail.com,914517,2020-11-23
669,maria879,maria879@outlook.com,697357,2023-07-31
670,juan375,juan375@outlook.com,288572,2022-08-18
671,sofia507,sofia507@outlook.com,525774,2023-10-26
672,valentina381,valentina381@gmail.com,794971,2023-05-12
673,sofia642,sofia642@hotmail.com,498905,2022-06-17
674,luis587,luis587@outlook.com,683498,2022-04-28
675,carlos613,carlos613@hotmail.com,840986,2023-07-23
676,maria769,maria769@outlook.com,947277,2020-03-29
677,carlos702,carlos702@gmail.com,304550,2020-07-26
678,andres3,andres3@gmail.com,937105,2021-12-23
679,valentina855,valentina855@hotmail.com,212829,2023-01-13
680,sofia707,sofia707@gmail.com,266414,2020-05-29
681,carlos409,carlos409@hotmail.com,598826,2021-07-12
682,maria938,maria938@gmail.com,856535,2020-05-08
683,luis501,luis501@hotmail.com,971276,2020-05-20
684,maria41,maria41@hotmail.com,896359,2022-11-25
685,andres490,andres490@gmail.com,204713,2021-02-13
686,juan806,juan806@outlook.com,955460,2021-12-12
687,juan807,juan807@outlook.com,952487,2021-10-31
688,luis653,luis653@outlook.com,675888,2022-11-07
689,ana650,ana650@gmail.com,898266,2023-09-08
690,maria574,maria574@outlook.com,940710,2022-10-30
691,juan237,juan237@hotmail.com,857507,2021-06-13
692,valentina751,valentina751@gmail.com,450754,2020-04-18
693,maria276,maria276@gmail.com,833596,2023-12-22
694,andres211,andres211@gmail.com,504066,2020-08-11
695,juan773,juan773@outlook.com,474690,2023-10-18
696,carlos551,carlos551@hotmail.com,509004,2021-03-11
697,carlos723,carlos723@outlook.com,544111,2023-08-30
698,juan532,juan532@outlook.com,074649,2021-04-25
699,luis650,luis650@hotmail.com,171874,2020-01-17
700,ana574,ana574@outlook.com,781396,2020-01-29
701,andres401,andres401@outlook.com,737611,2024-01-31
702,luis464,luis464@hotmail.com,108816,2020-10-26
703,luis443,luis443@outlook.com,511122,2020-01-28
704,carlos30,carlos30@outlook.com,649353,2023-03-23
705,andres47,andres47@hotmail.com,328665,2023-12-02
706,valentina329,valentina329@gmail.com,213984,2022-08-25
707,juan922,juan922@outlook.com,087065,2023-09-22
708,sofia797,sofia797@gmail.com,045235,2022-02-22
709,ana615,ana615@hotmail.com,300215,2022-11-23
710,andres134,andres134@outlook.com,711048,2020-11-24
711,carlos25,carlos25@outlook.com,888140,2021-07-31
712,andres495,andres495@hotmail.com,545505,2023-10-16
713,maria819,maria819@gmail.com,152552,2021-02-26
714,carlos938,carlos938@outlook.com,550568,2020-10-07
715,ana681,ana681@outlook.com,525100,2020-09-01
716,juan941,juan941@hotmail.com,595855,2020-04-25
717,maria207,maria207@gmail.com,313049,2021-06-10
718,andres302,andres302@hotmail.com,059012,2022-01-28
719,valentina243,valentina243@outlook.com,185529,2020-04-01
720,maria74,maria74@outlook.com,268766,2020-05-20
721,maria443,maria443@outlook.com,515783,2022-08-18
722,sofia64,sofia64@outlook.com,098649,2022-10-26
723,juan120,juan120@gmail.com,507362,2020-06-09
724,sofia592,sofia592@outlook.com,205384,2022-06-11
725,luis939,luis939@gmail.com,764931,2023-02-05
726,carlos13,carlos13@outlook.com,222803,2023-12-06
727,carlos625,carlos625@outlook.com,251223,2023-08-25
728,carlos418,carlos418@gmail.com,170937,2021-03-31
729,luis729,luis729@hotmail.com,928011,2023-02-04
730,sofia199,sofia199@hotmail.com,691108,2020-02-10
731,carlos853,carlos853@hotmail.com,495438,2022-03-15
732,ana785,ana785@hotmail.com,691619,2021-05-04
733,juan727,juan727@hotmail.com,941021,2021-04-15
734,carlos175,carlos175@gmail.com,739990,2022-08-13
735,sofia15,sofia15@outlook.com,937433,2020-04-10
736,juan71,juan71@gmail.com,993804,2020-06-24
737,carlos10,carlos10@hotmail.com,999265,2021-06-05
738,maria698,maria698@gmail.com,802964,2022-08-15
739,juan928,juan928@gmail.com,115193,2021-01-14
740,carlos193,carlos193@hotmail.com,099441,2021-10-21
741,maria558,maria558@hotmail.com,318826,2020-07-25
742,maria92,maria92@outlook.com,586943,2022-07-04
743,ana183,ana183@outlook.com,231309,2023-09-06
744,juan572,juan572@gmail.com,771326,2020-08-29
745,sofia288,sofia288@gmail.com,509652,2022-10-02
746,ana374,ana374@gmail.com,753453,2022-10-20
747,sofia424,sofia424@gmail.com,205823,2022-09-14
748,andres975,andres975@gmail.com,707058,2022-01-07
749,juan849,juan849@outlook.com,347831,2021-05-22
750,ana59,ana59@hotmail.com,501544,2021-12-03
751,andres418,andres418@hotmail.com,952211,2020-09-26
752,juan877,juan877@outlook.com,613200,2021-12-03
753,maria850,maria850@gmail.com,761573,2020-07-21
754,luis228,luis228@gmail.com,990232,2023-01-18
755,luis842,luis842@outlook.com,705108,2022-12-31
756,sofia821,sofia821@gmail.com,013103,2021-07-16
757,andres25,andres25@hotmail.com,622491,2020-08-28
758,ana715,ana715@outlook.com,342273,2023-07-04
759,carlos397,carlos397@outlook.com,607156,2021-06-11
760,maria679,maria679@hotmail.com,699317,2023-07-19
761,valentina34,valentina34@hotmail.com,818064,2021-01-23
762,maria393,maria393@outlook.com,630134,2022-08-04
763,andres586,andres586@outlook.com,074517,2022-06-13
764,ana399,ana399@hotmail.com,253801,2021-01-24
765,valentina801,valentina801@hotmail.com,220753,2022-05-14
766,maria580,maria580@outlook.com,633523,2022-12-08
767,maria516,maria516@hotmail.com,723673,2022-12-24
768,andres773,andres773@hotmail.com,986227,2021-09-26
769,sofia699,sofia699@gmail.com,146223,2021-03-28
770,luis101,luis101@hotmail.com,752660,2020-10-04
771,sofia880,sofia880@gmail.com,849901,2024-01-21
772,luis905,luis905@gmail.com,269852,2020-03-13
773,juan266,juan266@gmail.com,505969,2022-11-23
774,valentina978,valentina978@outlook.com,839807,2020-09-13
775,juan704,juan704@hotmail.com,227613,2021-02-08
776,maria298,maria298@gmail.com,496377,2022-08-10
777,andres753,andres753@hotmail.com,050704,2023-02-11
778,sofia403,sofia403@gmail.com,664548,2020-07-04
779,sofia657,sofia657@hotmail.com,327850,2023-03-03
780,luis760,luis760@gmail.com,128673,2023-12-19
781,ana281,ana281@outlook.com,241665,2022-03-06
782,carlos163,carlos163@gmail.com,004880,2022-09-08
783,andres520,andres520@outlook.com,600465,2022-01-25
784,maria945,maria945@hotmail.com,991589,2021-07-06
785,carlos818,carlos818@outlook.com,181630,2020-03-01
786,carlos519,carlos519@gmail.com,005257,2021-01-22
787,ana874,ana874@outlook.com,801978,2022-01-23
788,valentina395,valentina395@hotmail.com,075414,2021-03-21
789,carlos650,carlos650@hotmail.com,380716,2020-12-22
790,andres285,andres285@hotmail.com,003836,2022-02-07
791,luis45,luis45@outlook.com,975777,2021-08-16
792,maria196,maria196@gmail.com,168656,2023-05-22
793,valentina408,valentina408@outlook.com,101180,2021-11-16
794,andres406,andres406@outlook.com,893300,2021-07-27
795,andres64,andres64@hotmail.com,585458,2020-01-17
796,ana515,ana515@hotmail.com,836271,2023-07-08
797,carlos737,carlos737@hotmail.com,333785,2021-06-09
798,luis293,luis293@gmail.com,354444,2022-11-29
799,juan948,juan948@outlook.com,169298,2023-02-15
800,juan946,juan946@gmail.com,395917,2021-08-23
801,juan143,juan143@gmail.com,977814,2020-09-03
802,andres453,andres453@hotmail.com,610453,2021-08-09
803,andres871,andres871@gmail.com,948407,2020-11-12
804,ana780,ana780@hotmail.com,550030,2023-01-19
805,luis357,luis357@outlook.com,637286,2020-06-30
806,juan978,juan978@outlook.com,263692,2020-11-24
807,carlos641,carlos641@hotmail.com,281337,2020-12-01
808,sofia161,sofia161@hotmail.com,859215,2022-07-02
809,carlos730,carlos730@hotmail.com,282612,2021-01-17
810,ana642,ana642@hotmail.com,606601,2023-03-24
811,andres377,andres377@gmail.com,852771,2023-07-06
812,ana360,ana360@gmail.com,177127,2022-09-02
813,ana479,ana479@outlook.com,613887,2021-09-28
814,sofia385,sofia385@outlook.com,483232,2023-07-06
815,ana890,ana890@hotmail.com,939014,2020-01-20
816,sofia525,sofia525@outlook.com,272066,2020-09-17
817,luis3,luis3@gmail.com,297274,2022-01-01
818,valentina356,valentina356@outlook.com,345223,2020-03-08
819,carlos916,carlos916@outlook.com,518082,2022-02-04
820,luis895,luis895@hotmail.com,844704,2023-02-07
821,andres245,andres245@hotmail.com,278678,2022-01-23
822,juan811,juan811@hotmail.com,200688,2022-02-12
823,valentina168,valentina168@outlook.com,284697,2022-11-02
824,sofia947,sofia947@gmail.com,704680,2021-06-13
825,juan525,juan525@outlook.com,644742,2020-01-16
826,andres711,andres711@outlook.com,118423,2020-07-14
827,carlos406,carlos406@hotmail.com,886138,2022-01-11
828,valentina975,valentina975@gmail.com,414649,2022-06-02
829,valentina756,valentina756@hotmail.com,188026,2023-12-10
830,ana856,ana856@gmail.com,099215,2021-12-11
831,maria936,maria936@hotmail.com,529794,2022-11-16
832,juan858,juan858@hotmail.com,383495,2023-05-31
833,andres73,andres73@outlook.com,556403,2023-08-15
834,andres609,andres609@outlook.com,223202,2023-08-03
835,luis741,luis741@outlook.com,792144,2023-11-02
836,valentina512,valentina512@hotmail.com,256167,2024-02-04
837,luis627,luis627@outlook.com,995965,2021-02-02
838,juan607,juan607@outlook.com,820362,2023-08-01
839,ana371,ana371@hotmail.com,594200,2023-08-01
840,luis166,luis166@gmail.com,319293,2023-10-15
841,luis786,luis786@outlook.com,374192,2022-03-22
842,valentina33,valentina33@gmail.com,976343,2021-10-03
843,andres8,andres8@outlook.com,009387,2022-08-21
844,valentina372,valentina372@hotmail.com,224345,2022-08-12
845,sofia915,sofia915@outlook.com,941325,2021-01-22
846,sofia603,sofia603@hotmail.com,976729,2022-08-27
847,sofia353,sofia353@outlook.com,014724,2022-07-01
848,ana174,ana174@gmail.com,653559,2020-07-24
849,juan965,juan965@outlook.com,345802,2022-03-28
850,luis941,luis941@outlook.com,789987,2023-01-13
851,carlos107,carlos107@outlook.com,645216,2022-04-09
852,valentina664,valentina664@outlook.com,183216,2021-09-22
853,valentina443,valentina443@gmail.com,795398,2022-02-12
854,luis425,luis425@gmail.com,151689,2020-09-09
855,juan795,juan795@hotmail.com,633208,2020-02-17
856,sofia139,sofia139@hotmail.com,326951,2022-02-24
857,andres373,andres373@gmail.com,919790,2021-06-30
858,luis484,luis484@hotmail.com,218622,2023-02-18
859,valentina265,valentina265@gmail.com,152158,2022-06-25
860,valentina157,valentina157@outlook.com,282940,2021-06-12
861,valentina813,valentina813@hotmail.com,128929,2020-01-27
862,juan569,juan569@hotmail.com,077398,2023-10-05
863,sofia626,sofia626@hotmail.com,242577,2022-09-14
864,andres321,andres321@hotmail.com,228735,2020-06-24
865,andres115,andres115@outlook.com,045064,2023-01-03
866,luis178,luis178@gmail.com,595286,2021-07-02
867,valentina225,valentina225@outlook.com,634104,2021-01-20
868,juan808,juan808@outlook.com,425908,2023-01-17
869,luis379,luis379@outlook.com,263207,2021-01-06
870,sofia85,sofia85@outlook.com,618898,2020-12-22
871,carlos375,carlos375@hotmail.com,880379,2022-03-17
872,luis912,luis912@outlook.com,159392,2022-03-29
873,valentina916,valentina916@hotmail.com,753882,2022-11-28
874,carlos261,carlos261@gmail.com,218451,2021-08-03
875,luis581,luis581@hotmail.com,880537,2021-03-10
876,sofia235,sofia235@hotmail.com,618555,2020-01-13
877,juan128,juan128@outlook.com,380018,2021-08-07
878,carlos565,carlos565@hotmail.com,437291,2023-10-04
879,juan988,juan988@hotmail.com,691399,2021-03-27
880,sofia121,sofia121@outlook.com,631127,2023-04-23
881,sofia238,sofia238@outlook.com,469710,2021-06-14
882,andres206,andres206@outlook.com,471644,2020-08-18
883,valentina754,valentina754@hotmail.com,548232,2023-01-05
884,sofia614,sofia614@outlook.com,034816,2023-11-09
885,andres169,andres169@gmail.com,223346,2023-12-16
886,maria761,maria761@outlook.com,500346,2023-11-17
887,andres750,andres750@gmail.com,938874,2023-05-24
888,andres137,andres137@hotmail.com,582327,2020-09-08
889,juan643,juan643@outlook.com,933888,2022-08-08
890,valentina255,valentina255@hotmail.com,612230,2023-12-24
891,andres561,andres561@hotmail.com,234004,2021-03-30
892,ana424,ana424@hotmail.com,817482,2020-11-16
893,juan477,juan477@gmail.com,204778,2022-02-18
894,andres808,andres808@gmail.com,875735,2023-04-07
895,andres282,andres282@gmail.com,287433,2022-11-06
896,carlos435,carlos435@outlook.com,689500,2022-12-24
897,andres365,andres365@hotmail.com,879808,2020-03-19
898,andres948,andres948@outlook.com,455105,2022-07-23
899,ana764,ana764@outlook.com,596131,2023-10-14
900,maria196,maria196@outlook.com,286416,2020-07-05
901,andres219,andres219@hotmail.com,833873,2021-11-18
902,andres447,andres447@hotmail.com,385276,2020-10-10
903,juan184,juan184@outlook.com,468605,2020-07-17
904,andres902,andres902@outlook.com,548135,2023-07-15
905,ana550,ana550@hotmail.com,967457,2021-11-21
906,ana738,ana738@outlook.com,726419,2020-07-20
907,juan471,juan471@hotmail.com,305365,2021-08-27
908,sofia333,sofia333@hotmail.com,239124,2023-01-27
909,luis175,luis175@gmail.com,531767,2022-11-25
910,carlos863,carlos863@gmail.com,116747,2020-03-30
911,andres147,andres147@outlook.com,343473,2020-09-12
912,ana999,ana999@hotmail.com,202131,2022-11-11
913,luis989,luis989@hotmail.com,100802,2020-12-24
914,luis946,luis946@gmail.com,704328,2021-07-30
915,luis619,luis619@gmail.com,896040,2021-06-22
916,maria571,maria571@outlook.com,125731,2020-11-14
917,carlos104,carlos104@gmail.com,114927,2021-03-20
918,sofia497,sofia497@outlook.com,323033,2023-06-22
919,juan820,juan820@outlook.com,640285,2023-11-21
920,sofia363,sofia363@outlook.com,074892,2022-04-29
921,luis220,luis220@outlook.com,383788,2023-03-08
922,valentina570,valentina570@outlook.com,599116,2022-03-20
923,maria251,maria251@outlook.com,688563,2022-08-16
924,juan486,juan486@gmail.com,173129,2021-10-14
925,ana3,ana3@gmail.com,778757,2023-03-16
926,ana540,ana540@hotmail.com,112467,2023-07-30
927,valentina360,valentina360@outlook.com,248083,2022-11-18
928,ana518,ana518@outlook.com,930367,2023-11-06
929,maria71,maria71@gmail.com,828737,2023-02-20
930,valentina360,valentina360@gmail.com,493187,2020-05-07
931,sofia151,sofia151@hotmail.com,920404,2022-02-03
932,carlos257,carlos257@outlook.com,612843,2023-10-15
933,juan180,juan180@gmail.com,693995,2021-01-18
934,luis97,luis97@gmail.com,869867,2022-05-03
935,sofia590,sofia590@outlook.com,061868,2023-05-19
936,carlos619,carlos619@gmail.com,660705,2023-05-20
937,andres507,andres507@gmail.com,566924,2021-10-29
938,sofia851,sofia851@gmail.com,767116,2023-02-20
939,juan808,juan808@hotmail.com,941194,2020-08-20
940,juan383,juan383@gmail.com,330608,2023-01-11
941,luis404,luis404@outlook.com,701497,2022-10-20
942,ana926,ana926@hotmail.com,409572,2021-06-12
943,sofia627,sofia627@gmail.com,542217,2021-07-20
944,ana739,ana739@outlook.com,278451,2021-05-25
945,carlos220,carlos220@hotmail.com,124850,2020-04-05
946,maria141,maria141@gmail.com,268341,2022-09-01
947,juan729,juan729@outlook.com,747801,2023-02-01
948,andres315,andres315@hotmail.com,048730,2021-11-17
949,juan800,juan800@hotmail.com,569983,2021-11-21
950,juan895,juan895@hotmail.com,878678,2020-06-19
951,ana692,ana692@outlook.com,965458,2021-10-23
952,valentina195,valentina195@gmail.com,046519,2021-01-30
953,juan805,juan805@hotmail.com,161398,2020-01-01
954,sofia438,sofia438@gmail.com,031514,2020-10-07
955,andres144,andres144@gmail.com,516915,2022-04-14
956,sofia860,sofia860@gmail.com,871545,2022-03-13
957,luis872,luis872@gmail.com,183745,2022-06-09
958,andres869,andres869@hotmail.com,070702,2021-02-14
959,ana335,ana335@hotmail.com,113376,2020-04-20
960,luis809,luis809@gmail.com,464243,2021-05-14
961,sofia126,sofia126@outlook.com,151338,2023-05-31
962,sofia557,sofia557@hotmail.com,817962,2023-12-28
963,ana992,ana992@gmail.com,225350,2022-06-11
964,andres285,andres285@gmail.com,177681,2022-11-02
965,ana13,ana13@gmail.com,925154,2023-07-03
966,luis858,luis858@hotmail.com,416239,2021-07-15
967,juan28,juan28@outlook.com,423124,2023-08-09
968,sofia9,sofia9@outlook.com,924623,2020-02-23
969,andres272,andres272@outlook.com,769981,2021-02-15
970,luis894,luis894@outlook.com,421936,2020-08-24
971,luis909,luis909@gmail.com,997281,2023-08-23
972,luis983,luis983@hotmail.com,492385,2021-02-20
973,andres95,andres95@outlook.com,098727,2020-04-06
974,juan389,juan389@hotmail.com,257562,2020-11-20
975,andres872,andres872@outlook.com,168777,2021-05-16
976,sofia232,sofia232@gmail.com,638697,2021-12-18
977,andres863,andres863@gmail.com,842852,2020-05-16
978,ana641,ana641@hotmail.com,322762,2020-12-08
979,juan178,juan178@outlook.com,128258,2020-12-03
980,ana40,ana40@gmail.com,864236,2020-09-24
981,andres94,andres94@hotmail.com,219586,2022-08-04
982,juan774,juan774@gmail.com,037795,2021-02-02
983,ana338,ana338@gmail.com,017578,2023-06-13
984,andres218,andres218@outlook.com,453856,2021-09-21
985,ana710,ana710@hotmail.com,490289,2023-03-18
986,valentina284,valentina284@hotmail.com,276490,2020-03-27
987,valentina914,valentina914@gmail.com,138469,2020-08-30
988,sofia620,sofia620@outlook.com,684873,2023-03-31
989,carlos360,carlos360@hotmail.com,441914,2023-11-02
990,andres669,andres669@gmail.com,164572,2021-05-24
991,andres459,andres459@hotmail.com,498605,2023-06-28
992,maria32,maria32@hotmail.com,104451,2022-01-26
993,andres284,andres284@hotmail.com,659760,2021-07-12
994,sofia541,sofia541@outlook.com,247079,2023-01-03
995,juan429,juan429@gmail.com,356412,2021-03-20
996,andres98,andres98@hotmail.com,411362,2022-08-10
997,sofia858,sofia858@gmail.com,634789,2020-03-21
998,valentina108,valentina108@outlook.com,394147,2023-08-13
999,juan942,juan942@outlook.com,276618,2021-11-20
1000,carlos897,carlos897@outlook.com,311792,2023-11-22
